,0,1,2,3
0,Alico Inc,06-Dec-2023,30-Sep-2023,ALCO.OQ
1,Agrify Corp,28-Nov-2023,31-Dec-2022,AGFY.OQ
2,Organic Agricultural Co Ltd,17-Nov-2023,31-Mar-2023,OGAA.PK
3,CHS Inc,08-Nov-2023,31-Aug-2023,CHSCP.OQ
4,S&W Seed Co,27-Sep-2023,30-Jun-2023,SANW.OQ
5,Cal-Maine Foods Inc,25-Jul-2023,03-Jun-2023,CALM.OQ
6,NaturalShrimp Inc,27-Jun-2023,31-Mar-2023,SHMP.PK
7,MJ Holdings Inc,05-May-2023,31-Dec-2022,MJNE.PK
8,Local Bounti Corp,31-Mar-2023,31-Dec-2022,LOCL.N
9,Sativus Tech Corp,31-Mar-2023,31-Dec-2022,SATT.PK
10,urban-gro Inc,30-Mar-2023,31-Dec-2022,UGRO.OQ
11,Genvor Inc,28-Mar-2023,30-Sep-2022,GNVR.PK
12,Edible Garden AG Inc,22-Mar-2023,31-Dec-2022,EDBL.OQ
13,Sadot Group Inc,21-Mar-2023,31-Dec-2022,SDOT.OQ
14,Benson Hill Inc,16-Mar-2023,31-Dec-2022,BHIL.N
15,AppHarvest Inc,15-Mar-2023,31-Dec-2022,APPHQ.PK^L23
16,Village Farms International Inc (Pre-Reincorporation),09-Mar-2023,31-Dec-2022,VFF.OQ
17,Andersons Inc,23-Feb-2023,31-Dec-2022,ANDE.OQ
18,SiteOne Landscape Supply Inc,23-Feb-2023,01-Jan-2023,SITE.N
19,Fresh Del Monte Produce Inc,22-Feb-2023,30-Dec-2022,FDP.N
20,Mission Produce Inc,22-Dec-2022,31-Oct-2022,AVO.OQ
21,Limoneira Co,22-Dec-2022,31-Oct-2022,LMNR.OQ
22,Alico Inc,13-Dec-2022,30-Sep-2022,ALCO.OQ
23,CHS Inc,02-Nov-2022,31-Aug-2022,CHSCP.OQ
24,S&W Seed Co,28-Sep-2022,30-Jun-2022,SANW.OQ
25,MJ Harvest Inc,23-Sep-2022,31-May-2022,MJHI.PK
26,CGS International Inc,15-Aug-2022,30-Apr-2022,CGSI.PK
27,Cal-Maine Foods Inc,19-Jul-2022,28-May-2022,CALM.OQ
28,Organic Agricultural Co Ltd,14-Jul-2022,31-Mar-2022,OGAA.PK
29,NaturalShrimp Inc,29-Jun-2022,31-Mar-2022,SHMP.PK
30,MJ Holdings Inc,21-Jun-2022,31-Dec-2021,MJNE.PK
31,Agrify Corp,31-Mar-2022,31-Dec-2021,AGFY.OQ
32,Sativus Tech Corp,31-Mar-2022,31-Dec-2021,SATT.PK
33,urban-gro Inc,29-Mar-2022,31-Dec-2021,UGRO.OQ
34,Vetanova Inc,29-Mar-2022,31-Dec-2021,VTNA.PK
35,Benson Hill Inc,28-Mar-2022,31-Dec-2021,BHIL.N
36,Genvor Inc,21-Mar-2022,30-Sep-2021,GNVR.PK
37,Sadot Group Inc,17-Mar-2022,31-Dec-2021,SDOT.OQ
38,Millennium Sustainable Ventures Corp,15-Mar-2022,31-Dec-2021,MILC.PK
39,Village Farms International Inc (Pre-Reincorporation),01-Mar-2022,31-Dec-2021,VFF.OQ
40,Andersons Inc,24-Feb-2022,31-Dec-2021,ANDE.OQ
41,SiteOne Landscape Supply Inc,24-Feb-2022,02-Jan-2022,SITE.N
42,Fresh Del Monte Produce Inc,23-Feb-2022,31-Dec-2021,FDP.N
43,Limoneira Co,10-Jan-2022,31-Oct-2021,LMNR.OQ
44,Mission Produce Inc,22-Dec-2021,31-Oct-2021,AVO.OQ
45,MCTC Holdings Inc,14-Dec-2021,31-Aug-2021,CBGL.PK
46,Alico Inc,07-Dec-2021,30-Sep-2021,ALCO.OQ
47,CHS Inc,04-Nov-2021,31-Aug-2021,CHSCP.OQ
48,Pingtan Marine Enterprise Ltd,13-Oct-2021,31-Dec-2020,PME.OQ^C23
49,S&W Seed Co,28-Sep-2021,30-Jun-2021,SANW.OQ
50,MJ Harvest Inc,13-Sep-2021,31-May-2021,MJHI.PK
51,CGS International Inc,04-Aug-2021,30-Apr-2021,CGSI.PK
52,CGS International Inc,03-Aug-2021,30-Apr-2020,CGSI.PK
53,Genvor Inc,02-Aug-2021,30-Sep-2020,GNVR.PK
54,Cal-Maine Foods Inc,19-Jul-2021,29-May-2021,CALM.OQ
55,NaturalShrimp Inc,29-Jun-2021,31-Mar-2021,SHMP.PK
56,Organic Agricultural Co Ltd,29-Jun-2021,31-Mar-2021,OGAA.PK
57,CGS International Inc,25-Jun-2021,30-Apr-2019,CGSI.PK
58,Sino Agro Food Inc,23-Jun-2021,31-Dec-2020,SIAF.PK^C23
59,MJ Holdings Inc,15-Apr-2021,31-Dec-2020,MJNE.PK
60,Agrify Corp,02-Apr-2021,31-Dec-2020,AGFY.OQ
61,urban-gro Inc,31-Mar-2021,31-Dec-2020,UGRO.OQ
62,Benson Hill Inc,31-Mar-2021,31-Dec-2020,BHIL.N
63,CAT9 Group Inc,30-Mar-2021,31-Dec-2020,CATN.PK
64,Vetanova Inc,26-Mar-2021,31-Dec-2020,VTNA.PK
65,Sativus Tech Corp,17-Mar-2021,31-Dec-2020,SATT.PK
66,Village Farms International Inc (Pre-Reincorporation),16-Mar-2021,31-Dec-2020,VFF.OQ
67,SiteOne Landscape Supply Inc,03-Mar-2021,03-Jan-2021,SITE.N
68,CGS International Inc,25-Feb-2021,30-Apr-2018,CGSI.PK
69,Andersons Inc,25-Feb-2021,31-Dec-2020,ANDE.OQ
70,Fresh Del Monte Produce Inc,24-Feb-2021,01-Jan-2021,FDP.N
71,Sino Agro Food Inc,10-Feb-2021,31-Dec-2019,SIAF.PK^C23
72,AppHarvest Inc,29-Jan-2021,31-Dec-2020,APPHQ.PK^L23
73,Mission Produce Inc,19-Jan-2021,31-Oct-2020,AVO.OQ
74,Limoneira Co,14-Jan-2021,31-Oct-2020,LMNR.OQ
75,Alico Inc,08-Dec-2020,30-Sep-2020,ALCO.OQ
76,CHS Inc,05-Nov-2020,31-Aug-2020,CHSCP.OQ
77,MJ Harvest Inc,14-Sep-2020,31-May-2020,MJHI.PK
78,Organic Agricultural Co Ltd,14-Aug-2020,31-Mar-2020,OGAA.PK
79,Cal-Maine Foods Inc,20-Jul-2020,30-May-2020,CALM.OQ
80,NaturalShrimp Inc,26-Jun-2020,31-Mar-2020,SHMP.PK
81,Sadot Group Inc,29-May-2020,31-Dec-2019,SDOT.OQ
82,urban-gro Inc,18-May-2020,31-Dec-2019,UGRO.OQ
83,Aifarm Ltd,14-May-2020,31-Dec-2019,AIFM.PK
84,CAT9 Group Inc,27-Apr-2020,31-Dec-2019,CATN.PK
85,Village Farms International Inc (Pre-Reincorporation),01-Apr-2020,31-Dec-2019,VFF.OQ
86,Pingtan Marine Enterprise Ltd,16-Mar-2020,31-Dec-2019,PME.OQ^C23
87,Andersons Inc,27-Feb-2020,31-Dec-2019,ANDE.OQ
88,SiteOne Landscape Supply Inc,26-Feb-2020,29-Dec-2019,SITE.N
89,Fresh Del Monte Produce Inc,20-Feb-2020,27-Dec-2019,FDP.N
90,Limoneira Co,14-Jan-2020,31-Oct-2019,LMNR.OQ
91,Alico Inc,05-Dec-2019,30-Sep-2019,ALCO.OQ
92,CHS Inc,06-Nov-2019,31-Aug-2019,CHSCP.OQ
93,MJ Holdings Inc,16-Oct-2019,31-Dec-2018,MJNE.PK
94,Baying Ecological Holding Group Inc,02-Oct-2019,30-Jun-2019,BYIN.PK^K23
95,Organic Agricultural Co Ltd,02-Oct-2019,31-Mar-2019,OGAA.PK
96,Cal-Maine Foods Inc,22-Jul-2019,01-Jun-2019,CALM.OQ
97,Gpods Inc,25-Jun-2019,31-Mar-2019,—
98,Aifarm Ltd,16-Apr-2019,31-Dec-2018,AIFM.PK
99,Gala Pharmaceutical Inc,15-Apr-2019,30-Nov-2018,GLPH.PK^I21
100,Sino Agro Food Inc,15-Apr-2019,31-Dec-2018,SIAF.PK^C23
101,CAT9 Group Inc,01-Apr-2019,31-Dec-2018,CATN.PK
102,urban-gro Inc,01-Apr-2019,31-Dec-2018,UGRO.OQ
103,Pingtan Marine Enterprise Ltd,15-Mar-2019,31-Dec-2018,PME.OQ^C23
104,Sadot Group Inc,27-Feb-2019,31-Dec-2017,SDOT.OQ
105,Andersons Inc,27-Feb-2019,31-Dec-2018,ANDE.OQ
106,SiteOne Landscape Supply Inc,27-Feb-2019,30-Dec-2018,SITE.N
107,Fresh Del Monte Produce Inc,19-Feb-2019,28-Dec-2018,FDP.N
108,Sativus Tech Corp,15-Jan-2019,30-Sep-2018,SATT.PK
109,Limoneira Co,14-Jan-2019,31-Oct-2018,LMNR.OQ
110,China Liaoning Dingxu Ecological Agriculture Devel,10-Jan-2019,31-Dec-2017,CLAD.PK
111,China Liaoning Dingxu Ecological Agriculture Devel,10-Jan-2019,31-Dec-2016,CLAD.PK
112,China Liaoning Dingxu Ecological Agriculture Devel,10-Jan-2019,31-Dec-2015,CLAD.PK
113,Baying Ecological Holding Group Inc,28-Sep-2018,30-Jun-2018,BYIN.PK^K23
114,S&W Seed Co,20-Sep-2018,30-Jun-2018,SANW.OQ
115,Greenfield Farms Food Inc,31-Jul-2018,31-Dec-2016,GRAS.PK^H19
116,MJ Holdings Inc,27-Jul-2018,31-Dec-2017,MJNE.PK
117,Cal-Maine Foods Inc,23-Jul-2018,02-Jun-2018,CALM.OQ
118,NaturalShrimp Inc,13-Jul-2018,31-Mar-2018,SHMP.PK
119,Vegalab Inc,04-Jun-2018,31-Dec-2017,VEGL.PK^F21
120,Sino Agro Food Inc,17-Apr-2018,31-Dec-2017,SIAF.PK^C23
121,CannaSys Inc,13-Apr-2018,31-Dec-2017,MJTK.PK^D21
122,Gala Pharmaceutical Inc,06-Apr-2018,30-Nov-2017,GLPH.PK^I21
123,New Global Energy Inc,02-Apr-2018,31-Dec-2016,NGEY.PK
124,Aifarm Ltd,02-Apr-2018,31-Dec-2017,AIFM.PK
125,CAT9 Group Inc,29-Mar-2018,31-Dec-2017,CATN.PK
126,BIQI International Holdings Corp,28-Mar-2018,31-Dec-2017,BIQIF.PK
127,Pingtan Marine Enterprise Ltd,14-Mar-2018,31-Dec-2017,PME.OQ^C23
128,Hawaiian Macadamia Nut Orchards LP,09-Mar-2018,31-Dec-2017,NNUTU.PK^K23
129,Andersons Inc,26-Feb-2018,31-Dec-2017,ANDE.OQ
130,Fresh Del Monte Produce Inc,20-Feb-2018,29-Dec-2017,FDP.N
131,Alico Inc,11-Dec-2017,30-Sep-2017,ALCO.OQ
132,CHS Inc,09-Nov-2017,31-Aug-2017,CHSCP.OQ
133,Baying Ecological Holding Group Inc,12-Oct-2017,30-Jun-2017,BYIN.PK^K23
134,American Patriot Brands Inc,05-Oct-2017,31-Dec-2015,GRLD.PK^J19
135,China Modern Agricultural Information Inc,29-Sep-2017,30-Jun-2017,CMCI.PK^D21
136,CGS International Inc,28-Sep-2017,30-Apr-2017,CGSI.PK
137,S&W Seed Co,20-Sep-2017,30-Jun-2017,SANW.OQ
138,Cal-Maine Foods Inc,24-Jul-2017,03-Jun-2017,CALM.OQ
139,Vegalab Inc,21-Jul-2017,31-Dec-2016,VEGL.PK^F21
140,NaturalShrimp Inc,29-Jun-2017,31-Mar-2017,SHMP.PK
141,CAT9 Group Inc,28-Apr-2017,31-Dec-2016,CATN.PK
142,CannaSys Inc,17-Apr-2017,31-Dec-2016,MJTK.PK^D21
143,Aifarm Ltd,31-Mar-2017,31-Dec-2016,AIFM.PK
144,MJ Holdings Inc,30-Mar-2017,31-Dec-2016,MJNE.PK
145,Pingtan Marine Enterprise Ltd,23-Mar-2017,31-Dec-2016,PME.OQ^C23
146,Sino Agro Food Inc,16-Mar-2017,31-Dec-2016,SIAF.PK^C23
147,Hawaiian Macadamia Nut Orchards LP,15-Mar-2017,31-Dec-2016,NNUTU.PK^K23
148,BIQI International Holdings Corp,14-Mar-2017,31-Dec-2016,BIQIF.PK
149,Gala Pharmaceutical Inc,09-Mar-2017,30-Nov-2016,GLPH.PK^I21
150,Andersons Inc,01-Mar-2017,31-Dec-2016,ANDE.OQ
151,Fresh Del Monte Produce Inc,21-Feb-2017,30-Dec-2016,FDP.N
152,Sativus Tech Corp,13-Jan-2017,30-Sep-2016,SATT.PK
153,Limoneira Co,10-Jan-2017,31-Oct-2016,LMNR.OQ
154,Alico Inc,06-Dec-2016,30-Sep-2016,ALCO.OQ
155,CHS Inc,03-Nov-2016,31-Aug-2016,CHSCP.OQ
156,China Modern Agricultural Information Inc,29-Sep-2016,30-Jun-2016,CMCI.PK^D21
157,Baying Ecological Holding Group Inc,20-Sep-2016,30-Jun-2016,BYIN.PK^K23
158,S&W Seed Co,15-Sep-2016,30-Jun-2016,SANW.OQ
159,Yasheng Group,30-Aug-2016,31-Dec-2015,HERB.PK
160,CGS International Inc,15-Aug-2016,30-Apr-2016,CGSI.PK
161,Greenfield Farms Food Inc,21-Jul-2016,31-Dec-2015,GRAS.PK^H19
162,NaturalShrimp Inc,14-Jul-2016,31-Mar-2016,SHMP.PK
163,New Global Energy Inc,28-Apr-2016,31-Dec-2015,NGEY.PK
164,CAT9 Group Inc,15-Apr-2016,31-Dec-2015,CATN.PK
165,Earth Gen-Biofuel Inc,14-Apr-2016,31-Dec-2015,EGBB.PK
166,CannaSys Inc,14-Apr-2016,31-Dec-2015,MJTK.PK^D21
167,Aifarm Ltd,12-Apr-2016,31-Dec-2015,AIFM.PK
168,Sino Agro Food Inc,30-Mar-2016,31-Dec-2015,SIAF.PK^C23
169,Hawaiian Macadamia Nut Orchards LP,30-Mar-2016,31-Dec-2015,NNUTU.PK^K23
170,Sino Agro Food Inc,30-Mar-2016,31-Dec-2015,SIAF.PK^C23
171,Hawaiian Macadamia Nut Orchards LP,30-Mar-2016,31-Dec-2015,NNUTU.PK^K23
172,MJ Holdings Inc,30-Mar-2016,31-Dec-2015,MJNE.PK
173,OGL Holdings Ltd,30-Mar-2016,31-Dec-2015,OGLH.PK^H19
174,Vegalab Inc,29-Mar-2016,31-Dec-2015,VEGL.PK^F21
175,Gala Pharmaceutical Inc,22-Mar-2016,30-Nov-2015,GLPH.PK^I21
176,BIQI International Holdings Corp,14-Mar-2016,31-Dec-2015,BIQIF.PK
177,Pingtan Marine Enterprise Ltd,09-Mar-2016,31-Dec-2015,PME.OQ^C23
178,Andersons Inc,29-Feb-2016,31-Dec-2015,ANDE.OQ
179,Fresh Del Monte Produce Inc,23-Feb-2016,01-Jan-2016,FDP.N
180,Alico Inc,10-Dec-2015,30-Sep-2015,ALCO.OQ
181,Ceres Inc,23-Nov-2015,31-Aug-2015,CERE.O^H16
182,CHS Inc,23-Nov-2015,31-Aug-2015,CHSCP.OQ
183,Baying Ecological Holding Group Inc,12-Nov-2015,30-Jun-2015,BYIN.PK^K23
184,Urban Barns Foods Inc,30-Oct-2015,31-Jul-2015,URBF.PK
185,China Modern Agricultural Information Inc,13-Oct-2015,30-Jun-2015,CMCI.PK^D21
186,NaturalShrimp Inc,28-Jul-2015,31-Mar-2015,SHMP.PK
187,Cal-Maine Foods Inc,20-Jul-2015,30-May-2015,CALM.OQ
188,Rainbow Coral Corp,15-Jul-2015,31-Mar-2015,—
189,New Global Energy Inc,01-Jul-2015,31-Dec-2014,NGEY.PK
190,Greenfield Farms Food Inc,28-May-2015,31-Dec-2014,GRAS.PK^H19
191,Earth Gen-Biofuel Inc,18-May-2015,31-Dec-2014,EGBB.PK
192,Toshoan Holdings Inc,01-May-2015,31-Jan-2015,—
193,China Liaoning Dingxu Ecological Agriculture Devel,15-Apr-2015,31-Dec-2014,CLAD.PK
194,China Fruits Corp,14-Apr-2015,31-Dec-2014,CHFR.PK^D19
195,American Patriot Brands Inc,14-Apr-2015,31-Dec-2014,GRLD.PK^J19
196,Monarch America Inc,31-Mar-2015,31-Dec-2014,BTFL.PK^K20
197,Hawaiian Macadamia Nut Orchards LP,31-Mar-2015,31-Dec-2014,NNUTU.PK
198,Vegalab Inc,31-Mar-2015,31-Dec-2014,VEGL.PK^F21
199,CannaSys Inc,30-Mar-2015,31-Dec-2014,MJTK.PK^D21
200,Nutrastar International Inc,30-Mar-2015,31-Dec-2014,NUIN.PK^K18
201,Yasheng Group,30-Mar-2015,31-Dec-2014,HERB.PK
202,BIQI International Holdings Corp,18-Mar-2015,31-Dec-2014,BIQIF.PK
203,Pingtan Marine Enterprise Ltd,10-Mar-2015,31-Dec-2014,PME.OQ
204,Monarch America Inc,04-Mar-2015,30-Nov-2014,BTFL.PK^K20
205,Fresh Del Monte Produce Inc,18-Feb-2015,26-Dec-2014,FDP.N
206,Limoneira Co,12-Jan-2015,31-Oct-2014,LMNR.OQ
207,Aja Cannafacturing Inc,17-Dec-2014,31-Aug-2014,AJAC.PK^I17
208,Alico Inc,12-Dec-2014,30-Sep-2014,ALCO.OQ
209,Ceres Inc,20-Nov-2014,31-Aug-2014,CERE.O^H16
210,CHS Inc,05-Nov-2014,31-Aug-2014,CHSCP.OQ
211,Urban Barns Foods Inc,30-Oct-2014,31-Jul-2014,URBF.PK
212,China Modern Agricultural Information Inc,14-Oct-2014,30-Jun-2014,CMCI.PK^D21
213,Baying Ecological Holding Group Inc,14-Oct-2014,30-Jun-2014,BYIN.PK
214,S&W Seed Co,29-Sep-2014,30-Jun-2014,SANW.OQ
215,CorGreen Technologies Holding Corp,26-Sep-2014,30-Jun-2014,CGRT.PK^F19
216,Rainbow Coral Corp,01-Aug-2014,31-Mar-2014,RBCC.PK^A21
217,China Du Kang Co Ltd,29-Jul-2014,31-Dec-2013,CDKG.PK^D19
218,CGS International Inc,29-Jul-2014,30-Apr-2014,CGSI.PK
219,Cal-Maine Foods Inc,28-Jul-2014,31-May-2014,CALM.OQ
220,Kush Inc,23-Jul-2014,31-May-2014,WEDG.PK
221,NaturalShrimp Inc,14-Jul-2014,31-Mar-2014,SHMP.PK
222,Greenfield Farms Food Inc,16-Jun-2014,31-Dec-2013,GRAS.PK^H19
223,New Global Energy Inc,16-May-2014,31-Dec-2013,NGEY.PK
224,Gala Pharmaceutical Inc,18-Apr-2014,30-Nov-2013,GLPH.PK^I21
225,Steele Resources Corp,15-Apr-2014,31-Dec-2013,—
226,American Patriot Brands Inc,15-Apr-2014,31-Dec-2013,GRLD.PK^J19
227,China Liaoning Dingxu Ecological Agriculture Devel,15-Apr-2014,31-Dec-2013,CLAD.PK
228,Sino Agro Food Inc,11-Apr-2014,31-Dec-2013,SIAF.PK
229,China Fruits Corp,31-Mar-2014,31-Dec-2013,CHFR.PK^D19
230,Yasheng Group,31-Mar-2014,31-Dec-2013,HERB.PK
231,Vegalab Inc,31-Mar-2014,31-Dec-2013,VEGL.PK^F21
232,MJ Holdings Inc,31-Mar-2014,31-Dec-2013,MJNE.PK
233,Hawaiian Macadamia Nut Orchards LP,28-Mar-2014,31-Dec-2013,NNUTU.PK
234,Nutrastar International Inc,26-Mar-2014,31-Dec-2013,NUIN.PK^K18
235,Toshoan Holdings Inc,19-Mar-2014,31-Jan-2014,—
236,Monarch America Inc,17-Mar-2014,30-Nov-2013,BTFL.PK^K20
237,BIQI International Holdings Corp,13-Mar-2014,31-Dec-2013,BIQIF.PK
238,Pingtan Marine Enterprise Ltd,10-Mar-2014,31-Dec-2013,PME.OQ
239,Chiquita Brands International Inc,04-Mar-2014,31-Dec-2013,CQB.N^A15
240,Andersons Inc,28-Feb-2014,31-Dec-2013,ANDE.OQ
241,Fresh Del Monte Produce Inc,21-Feb-2014,27-Dec-2013,FDP.N
242,Limoneira Co,14-Jan-2014,31-Oct-2013,LMNR.OQ
243,Aja Cannafacturing Inc,13-Dec-2013,31-Aug-2013,AJAC.PK^I17
244,Alico Inc,09-Dec-2013,30-Sep-2013,ALCO.OQ
245,Ceres Inc,26-Nov-2013,31-Aug-2013,CERE.O^H16
246,Urban Barns Foods Inc,13-Nov-2013,31-Jul-2013,URBF.PK
247,CHS Inc,07-Nov-2013,31-Aug-2013,CHSCP.OQ
248,Guar Global Ltd,05-Nov-2013,31-Jul-2013,GGBL.PK
249,China Modern Agricultural Information Inc,09-Oct-2013,30-Jun-2013,CMCI.PK^D21
250,Baying Ecological Holding Group Inc,27-Sep-2013,30-Jun-2013,BYIN.PK
251,CorGreen Technologies Holding Corp,06-Sep-2013,30-Jun-2013,CGRT.PK^F19
252,CGS International Inc,28-Aug-2013,30-Apr-2013,CGSI.PK
253,Cal-Maine Foods Inc,05-Aug-2013,01-Jun-2013,CALM.OQ
254,Rainbow Coral Corp,16-Jul-2013,31-Mar-2013,RBCC.PK^A21
255,Stevia Corp,16-Jul-2013,31-Mar-2013,STEV.PK
256,NaturalShrimp Inc,10-Jul-2013,31-Mar-2013,SHMP.PK
257,American Patriot Brands Inc,03-Jul-2013,31-Dec-2012,GRLD.PK^J19
258,Baying Ecological Holding Group Inc,18-Jun-2013,30-Jun-2011,BYIN.PK
259,Baying Ecological Holding Group Inc,18-Jun-2013,30-Jun-2010,BYIN.PK
260,Baying Ecological Holding Group Inc,18-Jun-2013,30-Jun-2009,BYIN.PK
261,Organic Alliance Inc,03-Jun-2013,31-Dec-2012,ORGC.PK^D19
262,Steele Resources Corp,17-May-2013,31-Dec-2012,—
263,China Liaoning Dingxu Ecological Agriculture Devel,15-May-2013,31-Dec-2012,CLAD.PK
264,Versatech USA,13-May-2013,31-Dec-2012,VRST.PK^F13
265,China Du Kang Co Ltd,16-Apr-2013,31-Dec-2012,CDKG.PK^D19
266,GSP-2 Inc,16-Apr-2013,31-Dec-2012,GSPO.PK^I15
267,Tanke Biosciences Corp,15-Apr-2013,31-Dec-2012,TNBI.PK
268,Sino Agro Food Inc,15-Apr-2013,31-Dec-2012,SIAF.PK
269,Greenfield Farms Food Inc,15-Apr-2013,31-Dec-2012,GRAS.PK^H19
270,China Fruits Corp,15-Apr-2013,31-Dec-2012,CHFR.PK^D19
271,MJ Holdings Inc,15-Apr-2013,31-Dec-2012,MJNE.PK
272,Parabel Inc,01-Apr-2013,31-Dec-2012,PABL.PK^J17
273,Nutrastar International Inc,29-Mar-2013,31-Dec-2012,NUIN.PK^K18
274,Food Technology Service Inc,29-Mar-2013,31-Dec-2012,VIFL.OQ^C14
275,CannaSys Inc,28-Mar-2013,31-Dec-2012,MJTK.PK^D21
276,Hawaiian Macadamia Nut Orchards LP,27-Mar-2013,31-Dec-2012,NNUTU.PK
277,Chiquita Brands International Inc,18-Mar-2013,31-Dec-2012,CQB.N^A15
278,BIQI International Holdings Corp,14-Mar-2013,31-Dec-2012,BIQIF.PK
279,Gala Pharmaceutical Inc,14-Mar-2013,30-Nov-2012,GLPH.PK^I21
280,Dole Food Company Inc,12-Mar-2013,29-Dec-2012,DOLE.N^K13
281,Vegalab Inc,12-Mar-2013,31-Dec-2012,VEGL.PK^F21
282,Andersons Inc,01-Mar-2013,31-Dec-2012,ANDE.OQ
283,Monarch America Inc,25-Feb-2013,30-Nov-2012,BTFL.PK^K20
284,Fresh Del Monte Produce Inc,19-Feb-2013,28-Dec-2012,FDP.N
285,Pingtan Marine Enterprise Ltd,06-Feb-2013,31-Dec-2012,PME.OQ
286,Limoneira Co,14-Jan-2013,31-Oct-2012,LMNR.OQ
287,Alico Inc,05-Dec-2012,30-Sep-2012,ALCO.OQ
288,Aja Cannafacturing Inc,29-Nov-2012,31-Aug-2012,AJAC.PK^I17
289,Ceres Inc,20-Nov-2012,31-Aug-2012,CERE.O^H16
290,CHS Inc,07-Nov-2012,31-Aug-2012,CHSCP.OQ
291,Stevia Nutra Corp,06-Nov-2012,31-Jul-2012,STNT.PK
292,Urban Barns Foods Inc,31-Oct-2012,31-Jul-2012,URBF.PK
293,Guar Global Ltd,29-Oct-2012,31-Jul-2012,GGBL.PK
294,Umami Sustainable Seafood Inc,12-Oct-2012,30-Jun-2012,UMAM.PK
295,Man Shing Agricultural Holdings Inc,04-Sep-2012,30-Jun-2012,MSAH.PK
296,Cal-Maine Foods Inc,06-Aug-2012,02-Jun-2012,CALM.OQ
297,Rainbow Coral Corp,17-Jul-2012,31-Mar-2012,RBCC.PK^A21
298,Stevia Corp,29-Jun-2012,31-Mar-2012,STEV.PK
299,NaturalShrimp Inc,29-Jun-2012,31-Mar-2012,SHMP.PK
300,Organic Alliance Inc,19-Jun-2012,31-Dec-2011,ORGC.PK^D19
301,Organic Alliance Inc,18-Jun-2012,31-Dec-2010,ORGC.PK^D19
302,China Du Kang Co Ltd,16-Apr-2012,31-Dec-2011,CDKG.PK^D19
303,Tanke Biosciences Corp,16-Apr-2012,31-Dec-2011,TNBI.PK
304,China Liaoning Dingxu Ecological Agriculture Devel,16-Apr-2012,31-Dec-2011,CLAD.PK
305,American Patriot Brands Inc,16-Apr-2012,31-Dec-2011,GRLD.PK^J19
306,Greenfield Farms Food Inc,16-Apr-2012,31-Dec-2011,GRAS.PK^H19
307,Yasheng Group,16-Apr-2012,31-Dec-2011,HERB.PK
308,Sino Agro Food Inc,12-Apr-2012,31-Dec-2011,SIAF.PK
309,Steele Resources Corp,11-Apr-2012,31-Dec-2011,—
310,MJ Holdings Inc,10-Apr-2012,31-Dec-2011,MJNE.PK
311,China Fruits Corp,30-Mar-2012,31-Dec-2011,CHFR.PK^D19
312,Parabel Inc,30-Mar-2012,31-Dec-2011,PABL.PK^J17
313,Westway Group Inc,30-Mar-2012,31-Dec-2011,SACQ.PK^F07
314,Food Technology Service Inc,30-Mar-2012,31-Dec-2011,VIFL.OQ^C14
315,Fuer International Inc,30-Mar-2012,31-Dec-2011,FRXT.PK^G13
316,Nutrastar International Inc,28-Mar-2012,31-Dec-2011,NUIN.PK^K18
317,Hawaiian Macadamia Nut Orchards LP,28-Mar-2012,31-Dec-2011,NNUTU.PK
318,CannaSys Inc,26-Mar-2012,31-Dec-2011,MJTK.PK^D21
319,Vegalab Inc,15-Mar-2012,31-Dec-2011,VEGL.PK^F21
320,BIQI International Holdings Corp,15-Mar-2012,31-Dec-2011,BIQIF.PK
321,Gala Pharmaceutical Inc,13-Mar-2012,30-Nov-2011,GLPH.PK^I21
322,Fresh Del Monte Produce Inc,28-Feb-2012,30-Dec-2011,FDP.N
323,Andersons Inc,27-Feb-2012,31-Dec-2011,ANDE.OQ
324,Chiquita Brands International Inc,27-Feb-2012,31-Dec-2011,CQB.N^A15
325,Transglobal Assets Inc,25-Jan-2012,31-Dec-2011,TMSH.PK
326,Canal Capital Corp,24-Jan-2012,31-Oct-2011,COWP.PK
327,Farm Lands of Africa Inc,20-Jan-2012,30-Sep-2011,FLAF.PK
328,Limoneira Co,17-Jan-2012,31-Oct-2011,LMNR.OQ
329,Alico Inc,14-Dec-2011,30-Sep-2011,ALCO.OQ
330,Urban Barns Foods Inc,16-Nov-2011,31-Jul-2011,URBF.PK
331,Guar Global Ltd,15-Nov-2011,31-Jul-2011,GGBL.PK
332,China Liaoning Dingxu Ecological Agriculture Devel,15-Nov-2011,30-Sep-2011,CLAD.PK
333,Stevia Nutra Corp,14-Nov-2011,31-Jul-2011,STNT.PK
334,CHS Inc,14-Nov-2011,31-Aug-2011,CHSCP.OQ
335,Minn-Dak Farmers Cooperative,01-Nov-2011,31-Aug-2011,—
336,Sen Yu International Holdings Inc,28-Sep-2011,30-Jun-2011,CSWG.PK^C17
337,China Modern Agricultural Information Inc,28-Sep-2011,30-Jun-2011,CMCI.PK^D21
338,Man Shing Agricultural Holdings Inc,28-Sep-2011,30-Jun-2011,MSAH.PK
339,S&W Seed Co,27-Sep-2011,30-Jun-2011,SANW.OQ
340,Vetanova Inc,15-Aug-2011,30-Apr-2011,VTNA.PK
341,Cal-Maine Foods Inc,04-Aug-2011,28-May-2011,CALM.OQ
342,NaturalShrimp Inc,14-Jul-2011,31-Mar-2011,SHMP.PK
343,Stevia Corp,14-Jul-2011,31-Mar-2011,STEV.PK
344,North China Horticulture Inc,12-May-2011,31-Dec-2010,IDCX.PK^D14
345,Brainy Brands Company Inc,15-Apr-2011,31-Dec-2010,TBBC.PK^D16
346,China Fruits Corp,15-Apr-2011,31-Dec-2010,CHFR.PK^D19
347,Sino Agro Food Inc,15-Apr-2011,31-Dec-2010,SIAF.PK
348,China Du Kang Co Ltd,15-Apr-2011,31-Dec-2010,CDKG.PK^D19
349,GSP-2 Inc,31-Mar-2011,31-Dec-2010,GSPO.PK^I15
350,Steele Resources Corp,31-Mar-2011,31-Dec-2010,—
351,GSP-2 Inc,31-Mar-2011,31-Dec-2010,GSPO.PK^I15
352,Steele Resources Corp,31-Mar-2011,31-Dec-2010,—
353,Parabel Inc,31-Mar-2011,31-Dec-2010,PABL.PK^J17
354,Fuer International Inc,31-Mar-2011,31-Dec-2010,FRXT.PK^G13
355,Yuhe International Inc,31-Mar-2011,31-Dec-2010,YUII.PK
356,Westway Group Inc,31-Mar-2011,31-Dec-2010,SACQ.PK^F07
357,American Patriot Brands Inc,31-Mar-2011,31-Dec-2010,GRLD.PK^J19
358,Tanke Biosciences Corp,31-Mar-2011,31-Dec-2010,TNBI.PK
359,CannaSys Inc,30-Mar-2011,31-Dec-2010,MJTK.PK^D21
360,Food Technology Service Inc,30-Mar-2011,31-Dec-2010,VIFL.OQ^C14
361,Nutrastar International Inc,29-Mar-2011,31-Dec-2010,NUIN.PK^K18
362,Yasheng Group,29-Mar-2011,31-Dec-2010,HERB.PK
363,BIQI International Holdings Corp,17-Mar-2011,31-Dec-2010,BIQIF.PK
364,AgFeed Industries Inc,16-Mar-2011,31-Dec-2010,FEEDQ.PK^D14
365,Hawaiian Macadamia Nut Orchards LP,16-Mar-2011,31-Dec-2010,NNUTU.PK
366,Fresh Del Monte Produce Inc,01-Mar-2011,31-Dec-2010,FDP.N
367,Transglobal Assets Inc,08-Feb-2011,31-Dec-2010,TMSH.PK
368,Limoneira Co,26-Jan-2011,31-Oct-2010,LMNR.OQ
369,Canal Capital Corp,25-Jan-2011,31-Oct-2010,COWP.PK
370,Transglobal Assets Inc,27-Dec-2010,27-Dec-2010,TMSH.PK
371,Southern China Livestock Inc,23-Dec-2010,30-Sep-2010,—
372,Alico Inc,14-Dec-2010,30-Sep-2010,ALCO.OQ
373,China Modern Agricultural Information Inc,02-Dec-2010,31-Oct-2010,CMCI.PK^D21
374,Minn-Dak Farmers Cooperative,24-Nov-2010,31-Aug-2010,—
375,Guar Global Ltd,15-Nov-2010,31-Jul-2010,GGBL.PK
376,Urban Barns Foods Inc,15-Nov-2010,31-Jul-2010,URBF.PK
377,Umami Sustainable Seafood Inc,22-Oct-2010,30-Jun-2010,UMAM.PK
378,S&W Seed Co,28-Sep-2010,30-Jun-2010,SANW.OQ
379,Sen Yu International Holdings Inc,28-Sep-2010,30-Jun-2010,CSWG.PK^C17
380,Man Shing Agricultural Holdings Inc,28-Sep-2010,30-Jun-2010,MSAH.PK
381,Greenfield Farms Food Inc,09-Sep-2010,30-Jun-2010,GRAS.PK^H19
382,American Hemp Ventures Inc,26-Aug-2010,30-Apr-2010,AMHV.PK
383,Vetanova Inc,13-Aug-2010,30-Apr-2010,VTNA.PK
384,Yasheng Group,06-Aug-2010,31-Dec-2009,HERB.PK
385,Cal-Maine Foods Inc,02-Aug-2010,29-May-2010,CALM.OQ
386,Stevia Corp,14-Jul-2010,31-Mar-2010,STEV.PK
387,NaturalShrimp Inc,12-Jul-2010,31-Mar-2010,SHMP.PK
388,Farm Lands of Africa Inc,07-Jun-2010,31-Mar-2010,FLAF.PK
389,Yasheng Group,26-May-2010,31-Dec-2008,HERB.PK
390,Organic Alliance Inc,18-May-2010,31-Dec-2009,ORGC.PK^D19
391,China Organic Agriculture Inc,14-May-2010,31-Dec-2009,CNOA.PK^E13
392,North China Horticulture Inc,05-May-2010,31-Jan-2010,IDCX.PK^D14
393,Yasheng Group,05-May-2010,31-Dec-2007,HERB.PK
394,Tanke Biosciences Corp,28-Apr-2010,31-Dec-2009,TNBI.PK
395,Tanke Biosciences Corp,28-Apr-2010,31-Dec-2009,TNBI.PK
396,Umami Sustainable Seafood Inc,26-Apr-2010,28-Feb-2010,UMAM.PK
397,Yasheng Group,19-Apr-2010,31-Dec-2006,HERB.PK
398,Steele Resources Corp,15-Apr-2010,31-Dec-2009,—
399,China Fruits Corp,15-Apr-2010,31-Dec-2009,CHFR.PK^D19
400,China Du Kang Co Ltd,14-Apr-2010,31-Dec-2009,CDKG.PK^D19
401,CannaSys Inc,14-Apr-2010,31-Dec-2009,MJTK.PK^D21
402,Parabel Inc,31-Mar-2010,31-Dec-2009,PABL.PK^J17
403,Yuhe International Inc,31-Mar-2010,31-Dec-2009,YUII.PK
404,Yasheng Group,30-Mar-2010,31-Dec-2005,HERB.PK
405,Food Technology Service Inc,30-Mar-2010,31-Dec-2009,VIFL.OQ^C14
406,Nutrastar International Inc,25-Mar-2010,31-Dec-2009,NUIN.PK^K18
407,Organic Alliance Inc,18-Mar-2010,31-Dec-2008,ORGC.PK^D19
408,Vegalab Inc,17-Mar-2010,31-Dec-2009,VEGL.PK^F21
409,Westway Group Inc,16-Mar-2010,31-Dec-2009,SACQ.PK^F07
410,Hawaiian Macadamia Nut Orchards LP,16-Mar-2010,31-Dec-2009,NNUTU.PK
411,Yasheng Group,16-Mar-2010,31-Dec-2004,HERB.PK
412,HQ Sustainable Maritime Industries Inc,15-Mar-2010,31-Dec-2009,HQSM.PK^D12
413,AgFeed Industries Inc,08-Mar-2010,31-Dec-2009,FEEDQ.PK^D14
414,Fresh Del Monte Produce Inc,02-Mar-2010,01-Jan-2010,FDP.N
415,Chiquita Brands International Inc,26-Feb-2010,31-Dec-2009,CQB.N^A15
416,Andersons Inc,26-Feb-2010,31-Dec-2009,ANDE.OQ
417,Canal Capital Corp,27-Jan-2010,31-Oct-2009,COWP.PK
418,Alico Inc,14-Dec-2009,30-Sep-2009,ALCO.OQ
419,Minn-Dak Farmers Cooperative,24-Nov-2009,31-Aug-2009,—
420,Urban Barns Foods Inc,13-Nov-2009,31-Jul-2009,URBF.PK
421,Guar Global Ltd,12-Nov-2009,31-Jul-2009,GGBL.PK
422,CHS Inc,10-Nov-2009,31-Aug-2009,CHSCP.OQ
423,Southern China Livestock Inc,29-Oct-2009,30-Sep-2009,—
424,Sen Yu International Holdings Inc,13-Oct-2009,30-Jun-2009,CSWG.PK^C17
425,Vetanova Inc,14-Sep-2009,30-Apr-2009,VTNA.PK
426,Fuer International Inc,19-Aug-2009,30-Jun-2009,FRXT.PK^G13
427,Cal-Maine Foods Inc,11-Aug-2009,30-May-2009,CALM.OQ
428,American Hemp Ventures Inc,14-Jul-2009,30-Apr-2009,AMHV.PK
429,Stevia Corp,30-Jun-2009,31-Mar-2009,STEV.PK
430,Rongfu Aquaculture Inc,15-Jun-2009,31-Mar-2009,RNFU.PK^F19
431,Farm Lands of Africa Inc,04-Jun-2009,31-Mar-2009,FLAF.PK
432,Umami Sustainable Seafood Inc,29-May-2009,28-Feb-2009,UMAM.PK
433,North China Horticulture Inc,15-May-2009,31-Jan-2009,IDCX.PK^D14
434,Shandong Zhouyuan Seed and Nursery Co Ltd,06-May-2009,31-Dec-2008,SZSN.PK^G22
435,Man Shing Agricultural Holdings Inc,15-Apr-2009,31-Dec-2008,MSAH.PK
436,China Organic Agriculture Inc,15-Apr-2009,31-Dec-2008,CNOA.PK^E13
437,China Fruits Corp,14-Apr-2009,31-Dec-2008,CHFR.PK^D19
438,Nutrastar International Inc,31-Mar-2009,31-Dec-2008,NUIN.PK^K18
439,Parabel Inc,31-Mar-2009,31-Dec-2008,PABL.PK^J17
440,Yuhe International Inc,31-Mar-2009,31-Dec-2008,YUII.PK
441,Hawaiian Macadamia Nut Orchards LP,30-Mar-2009,31-Dec-2008,NNUTU.PK
442,CannaSys Inc,30-Mar-2009,31-Dec-2008,MJTK.PK^D21
443,Food Technology Service Inc,30-Mar-2009,31-Dec-2008,VIFL.OQ^C14
444,Tanke Biosciences Corp,25-Mar-2009,31-Dec-2008,TNBI.PK
445,Steele Resources Corp,25-Mar-2009,31-Dec-2008,—
446,AgFeed Industries Inc,16-Mar-2009,31-Dec-2008,FEEDQ.PK^D14
447,Westway Group Inc,13-Mar-2009,31-Dec-2008,SACQ.PK^F07
448,HQ Sustainable Maritime Industries Inc,12-Mar-2009,31-Dec-2008,HQSM.PK^D12
449,Vegalab Inc,04-Mar-2009,31-Dec-2008,VEGL.PK^F21
450,Chiquita Brands International Inc,27-Feb-2009,31-Dec-2008,CQB.N^A15
451,Andersons Inc,27-Feb-2009,31-Dec-2008,ANDE.OQ
452,Fresh Del Monte Produce Inc,24-Feb-2009,26-Dec-2008,FDP.N
453,Canal Capital Corp,28-Jan-2009,31-Oct-2008,COWP.PK
454,Alico Inc,15-Dec-2008,30-Sep-2008,ALCO.OQ
455,Minn-Dak Farmers Cooperative,26-Nov-2008,31-Aug-2008,—
456,CHS Inc,21-Nov-2008,31-Aug-2008,CHSCP.OQ
457,Nutrastar International Inc,21-Nov-2008,31-Jul-2008,NUIN.PK^K18
458,Urban Barns Foods Inc,22-Oct-2008,31-Jul-2008,URBF.PK
459,Southern China Livestock Inc,22-Oct-2008,30-Sep-2008,—
460,Pro-Fac Cooperative Inc,25-Sep-2008,28-Jun-2008,PFACP.OQ^C10
461,Cal-Maine Foods Inc,05-Aug-2008,31-May-2008,CALM.OQ
462,Parabel Inc,18-Jun-2008,31-Dec-2007,PABL.PK^J17
463,Parabel Inc,18-Jun-2008,31-Dec-2004,PABL.PK^J17
464,Parabel Inc,18-Jun-2008,31-Dec-1998,PABL.PK^J17
465,Parabel Inc,18-Jun-2008,31-Dec-1999,PABL.PK^J17
466,Parabel Inc,18-Jun-2008,31-Dec-2000,PABL.PK^J17
467,Parabel Inc,18-Jun-2008,31-Dec-2001,PABL.PK^J17
468,Parabel Inc,18-Jun-2008,31-Dec-2002,PABL.PK^J17
469,Parabel Inc,18-Jun-2008,31-Dec-2003,PABL.PK^J17
470,North China Horticulture Inc,15-May-2008,31-Jan-2008,IDCX.PK^D14
471,UAP Holding Corp,18-Apr-2008,24-Feb-2008,UAPH.OQ^E08
472,Westway Group Inc,31-Mar-2008,31-Dec-2007,SACQ.PK^F07
473,China Organic Agriculture Inc,31-Mar-2008,31-Dec-2007,CNOA.PK^E13
474,HQ Sustainable Maritime Industries Inc,31-Mar-2008,31-Dec-2007,HQSM.PK^D12
475,Hawaiian Macadamia Nut Orchards LP,26-Mar-2008,31-Dec-2007,NNUTU.PK
476,AgFeed Industries Inc,14-Mar-2008,31-Dec-2007,FEEDQ.PK^D14
477,Dole Food Company Inc,11-Mar-2008,29-Dec-2007,DOLE.N^K13
478,Chiquita Brands International Inc,29-Feb-2008,31-Dec-2007,CQB.N^A15
479,Andersons Inc,28-Feb-2008,31-Dec-2007,ANDE.OQ
480,Canal Capital Corp,30-Jan-2008,31-Oct-2007,COWP.PK
481,Alico Inc,14-Nov-2007,31-Aug-2007,ALCO.OQ
482,Pro-Fac Cooperative Inc,21-Sep-2007,30-Jun-2007,PFACP.OQ^C10
483,GUE Liquidation Group Inc,05-Sep-2007,30-Jun-2007,—
484,Cal-Maine Foods Inc,16-Aug-2007,02-Jun-2007,CALM.OQ
485,Hines Horticulture Inc,10-Jul-2007,31-Dec-2006,HORTQ.PK^D09
486,UAP Holding Corp,26-Apr-2007,25-Feb-2007,UAPH.OQ^E08
487,Hawaiian Macadamia Nut Orchards LP,16-Apr-2007,31-Dec-2006,NNUTU.PK
488,Millennium Sustainable Ventures Corp,30-Mar-2007,31-Dec-2006,MILC.PK
489,Dole Food Company Inc,23-Mar-2007,30-Dec-2006,DOLE.N^K13
490,Andersons Inc,12-Mar-2007,31-Dec-2006,ANDE.OQ
491,Chiquita Brands International Inc,08-Mar-2007,31-Dec-2006,CQB.N^A15
492,Canal Capital Corp,24-Jan-2007,31-Oct-2006,COWP.PK
493,Pilgrim's Pride Corporation of Georgia Inc,14-Dec-2006,30-Sep-2006,—
494,Minn-Dak Farmers Cooperative,28-Nov-2006,31-Aug-2006,—
495,Alico Inc,28-Nov-2006,14-Nov-2006,ALCO.OQ
496,CHS Inc,22-Nov-2006,31-Aug-2006,CHSCP.OQ
497,Pro-Fac Cooperative Inc,20-Sep-2006,24-Jun-2006,PFACP.OQ^C10
498,GUE Liquidation Group Inc,13-Sep-2006,30-Jun-2006,—
499,Dole Food Company Inc,17-Apr-2006,31-Dec-2005,DOLE.N^K13
500,American Seafoods Group LLC,11-Apr-2006,31-Dec-2005,—
501,ASG Consolidated LLC,11-Apr-2006,31-Dec-2005,—
502,Hines Horticulture Inc,28-Mar-2006,31-Dec-2005,HORTQ.PK^D09
503,Hawaiian Macadamia Nut Orchards LP,17-Mar-2006,31-Dec-2005,NNUTU.PK
504,Scotia Pacific Company LLC,15-Mar-2006,14-Mar-2006,—
505,Andersons Inc,14-Mar-2006,31-Dec-2005,ANDE.OQ
506,Chiquita Brands International Inc,01-Mar-2006,31-Dec-2005,CQB.N^A15
507,Canal Capital Corp,25-Jan-2006,31-Oct-2005,COWP.PK
508,Pilgrim's Pride Corporation of Georgia Inc,14-Dec-2005,01-Oct-2005,—
509,Minn-Dak Farmers Cooperative,29-Nov-2005,31-Aug-2005,—
510,Alico Inc,23-Nov-2005,17-Nov-2005,ALCO.OQ
511,CHS Inc,18-Nov-2005,31-Aug-2005,CHSCP.OQ
512,PAHC Holdings Corp,28-Sep-2005,30-Jun-2005,—
513,Pro-Fac Cooperative Inc,23-Sep-2005,25-Jun-2005,PFACP.OQ^C10
514,GUE Liquidation Group Inc,20-Sep-2005,30-Jun-2005,—
515,Cal-Maine Foods Inc,11-Aug-2005,28-May-2005,CALM.OQ
516,UAP Holding Corp,27-May-2005,27-Feb-2005,UAPH.OQ^E08
517,Dole Food Company Inc,01-Apr-2005,01-Jan-2005,DOLE.N^K13
518,American Seafoods Group LLC,31-Mar-2005,31-Dec-2004,—
519,Hawaiian Macadamia Nut Orchards LP,24-Mar-2005,31-Dec-2004,NNUTU.PK
520,Hines Horticulture Inc,23-Mar-2005,31-Dec-2004,HORTQ.PK^D09
521,Scotia Pacific Company LLC,16-Mar-2005,31-Dec-2004,—
522,Chiquita Brands International Inc,16-Mar-2005,31-Dec-2004,CQB.N^A15
523,Andersons Inc,14-Mar-2005,31-Dec-2004,ANDE.OQ
524,Unimark Group Inc,23-Feb-2005,31-Dec-2003,UNMG.PK^D19
525,Canal Capital Corp,28-Jan-2005,31-Oct-2004,COWP.PK
526,Seminis Inc,20-Dec-2004,30-Sep-2004,—
527,Northland Cranberries Inc,29-Nov-2004,31-Aug-2004,NRCNA.OB^K05
528,Minn-Dak Farmers Cooperative,26-Nov-2004,31-Aug-2004,—
529,CHS Inc,18-Nov-2004,31-Aug-2004,CHSCP.OQ
530,Alico Inc,15-Nov-2004,31-Aug-2004,ALCO.OQ
531,Pro-Fac Cooperative Inc,23-Sep-2004,26-Jun-2004,PFACP.OQ^C10
532,Cal-Maine Foods Inc,18-Aug-2004,29-May-2004,CALM.OQ
533,Standard Commercial Corp,14-Jun-2004,31-Mar-2004,STW.N^E05
534,Hines Horticulture Inc,30-Mar-2004,31-Dec-2003,HORTQ.PK^D09
535,American Seafoods Group LLC,30-Mar-2004,31-Dec-2003,—
536,China Fruits Corp,30-Mar-2004,31-Dec-2003,CHFR.PK^D19
537,Margo Caribe Inc,30-Mar-2004,31-Dec-2003,MRGO.PK
538,Scotia Pacific Company LLC,30-Mar-2004,31-Dec-2003,—
539,Margo Caribe Inc,30-Mar-2004,31-Dec-2003,MRGO.PK
540,Scotia Pacific Company LLC,30-Mar-2004,31-Dec-2003,—
541,Yasheng Group,26-Mar-2004,31-Dec-2003,HERB.PK
542,Dole Food Company Inc,17-Mar-2004,03-Jan-2004,DOLE.N^K13
543,Hawaiian Macadamia Nut Orchards LP,17-Mar-2004,31-Dec-2003,NNUTU.PK
544,Andersons Inc,11-Mar-2004,31-Dec-2003,ANDE.OQ
545,Chiquita Brands International Inc,11-Mar-2004,31-Dec-2003,CQB.N^A15
546,Canal Capital Corp,29-Jan-2004,31-Oct-2003,COWP.PK
547,Northland Cranberries Inc,28-Nov-2003,31-Aug-2003,NRCNA.OB^K05
548,Minn-Dak Farmers Cooperative,26-Nov-2003,31-Aug-2003,—
549,CHS Inc,21-Nov-2003,31-Aug-2003,CHSCP.OQ
550,Alico Inc,19-Nov-2003,31-Aug-2003,ALCO.OQ
551,Pro-Fac Cooperative Inc,26-Sep-2003,28-Jun-2003,PFACP.OQ^C10
552,Unimark Group Inc,12-Aug-2003,31-Dec-2002,UNMG.PK^D19
553,Cal-Maine Foods Inc,12-Aug-2003,31-May-2003,CALM.OQ
554,Standard Commercial Corp,26-Jun-2003,31-Mar-2003,STW.N^E05
555,China Continental Inc,16-May-2003,31-Dec-2002,CHCL.PK^K06
556,Bionova Holding Corp,30-Apr-2003,31-Dec-2002,BVAH.PK^C04
557,Margo Caribe Inc,31-Mar-2003,31-Dec-2002,MRGO.PK
558,Chiquita Brands International Inc,31-Mar-2003,31-Dec-2002,CQB.N^A15
559,Scotia Pacific Company LLC,31-Mar-2003,31-Dec-2002,—
560,Purina Mills LLC,27-Mar-2003,31-Dec-2002,—
561,Dole Food Company Inc,26-Mar-2003,28-Dec-2002,DOLE.N^K13
562,Hawaiian Macadamia Nut Orchards LP,26-Mar-2003,31-Dec-2002,NNUTU.PK
563,Andersons Inc,19-Mar-2003,31-Dec-2002,ANDE.OQ
564,Canal Capital Corp,29-Jan-2003,31-Oct-2002,COWP.PK
565,Seminis Inc,14-Jan-2003,30-Sep-2002,—
566,Northland Cranberries Inc,29-Nov-2002,31-Aug-2002,NRCNA.OB^K05
567,Minn-Dak Farmers Cooperative,26-Nov-2002,31-Aug-2002,—
568,CHS Inc,25-Nov-2002,31-Aug-2002,CHSCP.OQ
569,Alico Inc,15-Nov-2002,31-Aug-2002,ALCO.OQ
570,Pro-Fac Cooperative Inc,26-Sep-2002,29-Jun-2002,PFACP.OQ^C10
571,HQ Sustainable Maritime Industries Inc,16-Aug-2002,30-Apr-2002,HQSM.PK^D12
572,Cal-Maine Foods Inc,16-Aug-2002,01-Jun-2002,CALM.OQ
573,Standard Commercial Corp,27-Jun-2002,31-Mar-2002,STW.N^E05
574,Ecogen Inc,21-May-2002,31-Oct-2001,ECGN.PK^D04
575,China Continental Inc,20-May-2002,31-Dec-2001,CHCL.PK^K06
576,Bionova Holding Corp,12-Apr-2002,31-Dec-2001,BVAH.PK^C04
577,Hines Horticulture Inc,01-Apr-2002,31-Dec-2001,HORTQ.PK^D09
578,Scotia Pacific Company LLC,01-Apr-2002,31-Dec-2001,—
579,Hawaiian Macadamia Nut Orchards LP,28-Mar-2002,31-Dec-2001,NNUTU.PK
580,Margo Caribe Inc,28-Mar-2002,31-Dec-2001,MRGO.PK
581,Chiquita Brands International Inc,20-Mar-2002,31-Dec-2001,CQB.N^A15
582,Canal Capital Corp,25-Jan-2002,31-Oct-2001,COWP.PK
583,Seminis Inc,14-Jan-2002,30-Sep-2001,—
584,Alico Inc,30-Nov-2001,31-Aug-2001,ALCO.OQ
585,CHS Inc,19-Nov-2001,31-Aug-2001,CHSCP.OQ
586,Pro-Fac Cooperative Inc,10-Sep-2001,30-Jun-2001,PFACP.OQ^C10
587,HQ Sustainable Maritime Industries Inc,21-Aug-2001,30-Apr-2001,HQSM.PK^D12
588,Standard Commercial Corp,21-Jun-2001,31-Mar-2001,STW.N^E05
589,China Continental Inc,07-May-2001,31-Dec-2000,CHCL.PK^K06
590,China Continental Inc,16-Apr-2001,31-Dec-2000,CHCL.PK^K06
591,Margo Caribe Inc,02-Apr-2001,31-Dec-2000,MRGO.PK
592,Bionova Holding Corp,02-Apr-2001,31-Dec-2000,BVAH.PK^C04
593,Hines Horticulture Inc,30-Mar-2001,31-Dec-2000,HORTQ.PK^D09
594,Dole Food Company Inc,30-Mar-2001,30-Dec-2000,DOLE.N^K13
595,Hawaiian Macadamia Nut Orchards LP,30-Mar-2001,31-Dec-2000,NNUTU.PK
596,Scotia Pacific Company LLC,30-Mar-2001,31-Dec-2000,—
597,Scotia Pacific Company LLC,30-Mar-2001,31-Dec-2000,—
598,Ecogen Inc,21-Mar-2001,31-Oct-2000,ECGN.PK^D04
599,Canal Capital Corp,25-Jan-2001,31-Oct-2000,COWP.PK
600,Seminis Inc,29-Dec-2000,30-Sep-2000,—
601,Alico Inc,29-Nov-2000,31-Aug-2000,ALCO.OQ
602,Agribrands International Inc,28-Nov-2000,31-Aug-2000,AGX.N^D01
603,CHS Inc,22-Nov-2000,31-Aug-2000,CHSCP.OQ
604,Pro-Fac Cooperative Inc,15-Sep-2000,24-Jun-2000,PFACP.OQ^C10
605,Cal-Maine Foods Inc,21-Aug-2000,03-Jun-2000,CALM.OQ
606,HQ Sustainable Maritime Industries Inc,08-Aug-2000,30-Apr-2000,HQSM.PK^D12
607,Standard Commercial Corp,27-Jun-2000,31-Mar-2000,STW.N^E05
608,China Continental Inc,26-May-2000,31-Dec-1999,CHCL.PK^K06
609,Ecoscience Corp,04-Apr-2000,02-Jan-2000,ECSCE.O^G99
610,Margo Caribe Inc,30-Mar-2000,31-Dec-1999,MRGO.PK
611,China JXY Group Ltd,28-Mar-2000,31-Dec-1999,CJG.AX^D13
612,Chiquita Brands International Inc,28-Mar-2000,31-Dec-1999,CQB.N^A15
613,Bionova Holding Corp,23-Mar-2000,31-Dec-1999,BVAH.PK^C04
614,Scotia Pacific Company LLC,13-Mar-2000,31-Dec-1999,—
615,Ecogen Inc,15-Feb-2000,31-Oct-1999,ECGN.PK^D04
616,Scotia Pacific Company LLC,30-Mar-2001,31-Dec-2000,—
617,Ecogen Inc,21-Mar-2001,31-Oct-2000,ECGN.PK^D04
618,Canal Capital Corp,25-Jan-2001,31-Oct-2000,COWP.PK
619,Seminis Inc,29-Dec-2000,30-Sep-2000,—
620,Alico Inc,29-Nov-2000,31-Aug-2000,ALCO.OQ
621,Agribrands International Inc,28-Nov-2000,31-Aug-2000,AGX.N^D01
622,CHS Inc,22-Nov-2000,31-Aug-2000,CHSCP.OQ
623,Pro-Fac Cooperative Inc,15-Sep-2000,24-Jun-2000,PFACP.OQ^C10
624,Cal-Maine Foods Inc,21-Aug-2000,03-Jun-2000,CALM.OQ
625,HQ Sustainable Maritime Industries Inc,08-Aug-2000,30-Apr-2000,HQSM.PK^D12
626,Standard Commercial Corp,27-Jun-2000,31-Mar-2000,STW.N^E05
627,China Continental Inc,26-May-2000,31-Dec-1999,CHCL.PK^K06
628,Ecoscience Corp,04-Apr-2000,02-Jan-2000,ECSCE.O^G99
629,Margo Caribe Inc,30-Mar-2000,31-Dec-1999,MRGO.PK
630,China JXY Group Ltd,28-Mar-2000,31-Dec-1999,CJG.AX^D13
631,Chiquita Brands International Inc,28-Mar-2000,31-Dec-1999,CQB.N^A15
632,Bionova Holding Corp,23-Mar-2000,31-Dec-1999,BVAH.PK^C04
633,Scotia Pacific Company LLC,13-Mar-2000,31-Dec-1999,—
634,Ecogen Inc,15-Feb-2000,31-Oct-1999,ECGN.PK^D04
635,Scotia Pacific Company LLC,30-Mar-2001,31-Dec-2000,—
636,Ecogen Inc,21-Mar-2001,31-Oct-2000,ECGN.PK^D04
637,Canal Capital Corp,25-Jan-2001,31-Oct-2000,COWP.PK
638,Seminis Inc,29-Dec-2000,30-Sep-2000,—
639,Alico Inc,29-Nov-2000,31-Aug-2000,ALCO.OQ
640,Agribrands International Inc,28-Nov-2000,31-Aug-2000,AGX.N^D01
641,CHS Inc,22-Nov-2000,31-Aug-2000,CHSCP.OQ
642,Pro-Fac Cooperative Inc,15-Sep-2000,24-Jun-2000,PFACP.OQ^C10
643,Cal-Maine Foods Inc,21-Aug-2000,03-Jun-2000,CALM.OQ
644,HQ Sustainable Maritime Industries Inc,08-Aug-2000,30-Apr-2000,HQSM.PK^D12
645,Standard Commercial Corp,27-Jun-2000,31-Mar-2000,STW.N^E05
646,China Continental Inc,26-May-2000,31-Dec-1999,CHCL.PK^K06
647,Ecoscience Corp,04-Apr-2000,02-Jan-2000,ECSCE.O^G99
648,Margo Caribe Inc,30-Mar-2000,31-Dec-1999,MRGO.PK
649,China JXY Group Ltd,28-Mar-2000,31-Dec-1999,CJG.AX^D13
650,Chiquita Brands International Inc,28-Mar-2000,31-Dec-1999,CQB.N^A15
651,Bionova Holding Corp,23-Mar-2000,31-Dec-1999,BVAH.PK^C04
652,Scotia Pacific Company LLC,13-Mar-2000,31-Dec-1999,—
653,Ecogen Inc,15-Feb-2000,31-Oct-1999,ECGN.PK^D04
654,Scotia Pacific Company LLC,30-Mar-2001,31-Dec-2000,—
655,Ecogen Inc,21-Mar-2001,31-Oct-2000,ECGN.PK^D04
656,Canal Capital Corp,25-Jan-2001,31-Oct-2000,COWP.PK
657,Seminis Inc,29-Dec-2000,30-Sep-2000,—
658,Alico Inc,29-Nov-2000,31-Aug-2000,ALCO.OQ
659,Agribrands International Inc,28-Nov-2000,31-Aug-2000,AGX.N^D01
660,CHS Inc,22-Nov-2000,31-Aug-2000,CHSCP.OQ
661,Pro-Fac Cooperative Inc,15-Sep-2000,24-Jun-2000,PFACP.OQ^C10
662,Cal-Maine Foods Inc,21-Aug-2000,03-Jun-2000,CALM.OQ
663,HQ Sustainable Maritime Industries Inc,08-Aug-2000,30-Apr-2000,HQSM.PK^D12
664,Standard Commercial Corp,27-Jun-2000,31-Mar-2000,STW.N^E05
665,China Continental Inc,26-May-2000,31-Dec-1999,CHCL.PK^K06
666,Ecoscience Corp,04-Apr-2000,02-Jan-2000,ECSCE.O^G99
667,Margo Caribe Inc,30-Mar-2000,31-Dec-1999,MRGO.PK
668,China JXY Group Ltd,28-Mar-2000,31-Dec-1999,CJG.AX^D13
669,Chiquita Brands International Inc,28-Mar-2000,31-Dec-1999,CQB.N^A15
670,Bionova Holding Corp,23-Mar-2000,31-Dec-1999,BVAH.PK^C04
671,Scotia Pacific Company LLC,13-Mar-2000,31-Dec-1999,—
672,Ecogen Inc,15-Feb-2000,31-Oct-1999,ECGN.PK^D04
673,Scotia Pacific Company LLC,30-Mar-2001,31-Dec-2000,—
674,Ecogen Inc,21-Mar-2001,31-Oct-2000,ECGN.PK^D04
675,Canal Capital Corp,25-Jan-2001,31-Oct-2000,COWP.PK
676,Seminis Inc,29-Dec-2000,30-Sep-2000,—
677,Alico Inc,29-Nov-2000,31-Aug-2000,ALCO.OQ
678,Agribrands International Inc,28-Nov-2000,31-Aug-2000,AGX.N^D01
679,CHS Inc,22-Nov-2000,31-Aug-2000,CHSCP.OQ
680,Pro-Fac Cooperative Inc,15-Sep-2000,24-Jun-2000,PFACP.OQ^C10
681,Cal-Maine Foods Inc,21-Aug-2000,03-Jun-2000,CALM.OQ
682,HQ Sustainable Maritime Industries Inc,08-Aug-2000,30-Apr-2000,HQSM.PK^D12
683,Standard Commercial Corp,27-Jun-2000,31-Mar-2000,STW.N^E05
684,China Continental Inc,26-May-2000,31-Dec-1999,CHCL.PK^K06
685,Ecoscience Corp,04-Apr-2000,02-Jan-2000,ECSCE.O^G99
686,Margo Caribe Inc,30-Mar-2000,31-Dec-1999,MRGO.PK
687,China JXY Group Ltd,28-Mar-2000,31-Dec-1999,CJG.AX^D13
688,Chiquita Brands International Inc,28-Mar-2000,31-Dec-1999,CQB.N^A15
689,Bionova Holding Corp,23-Mar-2000,31-Dec-1999,BVAH.PK^C04
690,Scotia Pacific Company LLC,13-Mar-2000,31-Dec-1999,—
691,Ecogen Inc,15-Feb-2000,31-Oct-1999,ECGN.PK^D04
692,Scotia Pacific Company LLC,30-Mar-2001,31-Dec-2000,—
693,Ecogen Inc,21-Mar-2001,31-Oct-2000,ECGN.PK^D04
694,Canal Capital Corp,25-Jan-2001,31-Oct-2000,COWP.PK
695,Seminis Inc,29-Dec-2000,30-Sep-2000,—
696,Alico Inc,29-Nov-2000,31-Aug-2000,ALCO.OQ
697,Agribrands International Inc,28-Nov-2000,31-Aug-2000,AGX.N^D01
698,CHS Inc,22-Nov-2000,31-Aug-2000,CHSCP.OQ
699,Pro-Fac Cooperative Inc,15-Sep-2000,24-Jun-2000,PFACP.OQ^C10
700,Cal-Maine Foods Inc,21-Aug-2000,03-Jun-2000,CALM.OQ
701,HQ Sustainable Maritime Industries Inc,08-Aug-2000,30-Apr-2000,HQSM.PK^D12
702,Standard Commercial Corp,27-Jun-2000,31-Mar-2000,STW.N^E05
703,China Continental Inc,26-May-2000,31-Dec-1999,CHCL.PK^K06
704,Ecoscience Corp,04-Apr-2000,02-Jan-2000,ECSCE.O^G99
705,Margo Caribe Inc,30-Mar-2000,31-Dec-1999,MRGO.PK
706,China JXY Group Ltd,28-Mar-2000,31-Dec-1999,CJG.AX^D13
707,Chiquita Brands International Inc,28-Mar-2000,31-Dec-1999,CQB.N^A15
708,Bionova Holding Corp,23-Mar-2000,31-Dec-1999,BVAH.PK^C04
709,Scotia Pacific Company LLC,13-Mar-2000,31-Dec-1999,—
710,Ecogen Inc,15-Feb-2000,31-Oct-1999,ECGN.PK^D04
711,Scotia Pacific Company LLC,30-Mar-2001,31-Dec-2000,—
712,Ecogen Inc,21-Mar-2001,31-Oct-2000,ECGN.PK^D04
713,Canal Capital Corp,25-Jan-2001,31-Oct-2000,COWP.PK
714,Seminis Inc,29-Dec-2000,30-Sep-2000,—
715,Alico Inc,29-Nov-2000,31-Aug-2000,ALCO.OQ
716,Agribrands International Inc,28-Nov-2000,31-Aug-2000,AGX.N^D01
717,CHS Inc,22-Nov-2000,31-Aug-2000,CHSCP.OQ
718,Pro-Fac Cooperative Inc,15-Sep-2000,24-Jun-2000,PFACP.OQ^C10
719,Cal-Maine Foods Inc,21-Aug-2000,03-Jun-2000,CALM.OQ
720,HQ Sustainable Maritime Industries Inc,08-Aug-2000,30-Apr-2000,HQSM.PK^D12
721,Standard Commercial Corp,27-Jun-2000,31-Mar-2000,STW.N^E05
722,China Continental Inc,26-May-2000,31-Dec-1999,CHCL.PK^K06
723,Ecoscience Corp,04-Apr-2000,02-Jan-2000,ECSCE.O^G99
724,Margo Caribe Inc,30-Mar-2000,31-Dec-1999,MRGO.PK
725,China JXY Group Ltd,28-Mar-2000,31-Dec-1999,CJG.AX^D13
726,Chiquita Brands International Inc,28-Mar-2000,31-Dec-1999,CQB.N^A15
727,Bionova Holding Corp,23-Mar-2000,31-Dec-1999,BVAH.PK^C04
728,Scotia Pacific Company LLC,13-Mar-2000,31-Dec-1999,—
729,Ecogen Inc,15-Feb-2000,31-Oct-1999,ECGN.PK^D04
730,Scotia Pacific Company LLC,30-Mar-2001,31-Dec-2000,—
731,Ecogen Inc,21-Mar-2001,31-Oct-2000,ECGN.PK^D04
732,Canal Capital Corp,25-Jan-2001,31-Oct-2000,COWP.PK
733,Seminis Inc,29-Dec-2000,30-Sep-2000,—
734,Alico Inc,29-Nov-2000,31-Aug-2000,ALCO.OQ
735,Agribrands International Inc,28-Nov-2000,31-Aug-2000,AGX.N^D01
736,CHS Inc,22-Nov-2000,31-Aug-2000,CHSCP.OQ
737,Pro-Fac Cooperative Inc,15-Sep-2000,24-Jun-2000,PFACP.OQ^C10
738,Cal-Maine Foods Inc,21-Aug-2000,03-Jun-2000,CALM.OQ
739,HQ Sustainable Maritime Industries Inc,08-Aug-2000,30-Apr-2000,HQSM.PK^D12
740,Standard Commercial Corp,27-Jun-2000,31-Mar-2000,STW.N^E05
741,China Continental Inc,26-May-2000,31-Dec-1999,CHCL.PK^K06
742,Ecoscience Corp,04-Apr-2000,02-Jan-2000,ECSCE.O^G99
743,Margo Caribe Inc,30-Mar-2000,31-Dec-1999,MRGO.PK
744,China JXY Group Ltd,28-Mar-2000,31-Dec-1999,CJG.AX^D13
745,Chiquita Brands International Inc,28-Mar-2000,31-Dec-1999,CQB.N^A15
746,Bionova Holding Corp,23-Mar-2000,31-Dec-1999,BVAH.PK^C04
747,Scotia Pacific Company LLC,13-Mar-2000,31-Dec-1999,—
748,Ecogen Inc,15-Feb-2000,31-Oct-1999,ECGN.PK^D04
